,precision,recall,f1-score,support,roc_auc
0,0.9842105263157894,0.9842105263157894,0.9842105263157894,190.0,0.9736842105263158
1,0.7,0.7,0.7,10.0,0.9736842105263158
accuracy,0.97,0.97,0.97,0.97,0.9736842105263158
macro avg,0.8421052631578947,0.8421052631578947,0.8421052631578947,200.0,0.9736842105263158
weighted avg,0.97,0.97,0.97,200.0,0.9736842105263158
